fly_number,fly_species,fly_sex,cage_number,first_visit,landing_time_1,landing_duration_1,feeding_observed_1,second_visit,landing_time_2,landing_duration_2,feeding_observed_2,third_visit,landing_time_3,landing_duration_3,feeding_observed_3,date,experience,notes
1,M. domestica,M,1,NA,NA,NA,NA,NA,NA,NA,NA,NA,NA,NA,NA,05/06/24,naive,
2,M. domestica,M,2,NA,NA,NA,NA,NA,NA,NA,NA,NA,NA,NA,NA,05/06/24,naive,
3,M. domestica,F,3,yellow,13.57,5.18,Y,NA,NA,NA,NA,NA,NA,NA,NA,05/06/24,naive,
4,M. domestica,M,4,NA,NA,NA,NA,NA,NA,NA,NA,NA,NA,NA,NA,05/06/24,naive,
5,M. domestica,M,5,pink,3.39,10.47,Y,NA,NA,NA,NA,NA,NA,NA,NA,05/06/24,naive,
6,M. domestica,M,6,NA,NA,NA,NA,NA,NA,NA,NA,NA,NA,NA,NA,05/06/24,naive,
7,M. domestica,M,7,pink,4.05,7.48,N,NA,NA,NA,NA,NA,NA,NA,NA,05/06/24,naive,
8,M. domestica,M,8,white,0.51,2.47,Y,white,5.16,1.52,Y,NA,NA,NA,NA,05/06/24,naive,
9,M. domestica,F,9,NA,NA,NA,NA,NA,NA,NA,NA,NA,NA,NA,NA,05/06/24,naive,
10,M. domestica,M,1,blue,1.06,1.01,Y,blue,11.42,4.52,Y,NA,NA,NA,NA,05/06/24,naive,
11,M. domestica,M,2,NA,NA,NA,NA,NA,NA,NA,NA,NA,NA,NA,NA,05/06/24,naive,
12,M. domestica,M,3,pink,0.15,1.12,Y,NA,NA,NA,NA,NA,NA,NA,NA,05/06/24,naive,
13,M. domestica,M,4,NA,NA,NA,NA,NA,NA,NA,NA,NA,NA,NA,NA,05/06/24,naive,
14,M. domestica,F,5,NA,NA,NA,NA,NA,NA,NA,NA,NA,NA,NA,NA,05/06/24,naive,
15,M. domestica,F,6,NA,NA,NA,NA,NA,NA,NA,NA,NA,NA,NA,NA,05/06/24,naive,
16,M. domestica,F,7,NA,NA,NA,NA,NA,NA,NA,NA,NA,NA,NA,NA,05/06/24,naive,
17,M. domestica,F,8,NA,NA,NA,NA,NA,NA,NA,NA,NA,NA,NA,NA,05/06/24,naive,
18,M. domestica,M,9,NA,NA,NA,NA,NA,NA,NA,NA,NA,NA,NA,NA,05/06/24,naive,
19,M. domestica,M,1,NA,NA,NA,NA,NA,NA,NA,NA,NA,NA,NA,NA,05/06/24,naive,
20,M. domestica,M,2,NA,NA,NA,NA,NA,NA,NA,NA,NA,NA,NA,NA,05/06/24,naive,
21,M. domestica,F,3,NA,NA,NA,NA,NA,NA,NA,NA,NA,NA,NA,NA,05/06/24,naive,
22,M. domestica,M,4,yellow,7.05,12.07,Y,NA,NA,NA,NA,NA,NA,NA,NA,05/06/24,naive,
23,M. domestica,M,5,yellow,12.1,0.32,N,NA,NA,NA,NA,NA,NA,NA,NA,05/06/24,naive,
24,M. domestica,F,6,NA,NA,NA,NA,NA,NA,NA,NA,NA,NA,NA,NA,05/06/24,naive,
25,M. domestica,M,7,NA,NA,NA,NA,NA,NA,NA,NA,NA,NA,NA,NA,05/06/24,naive,
26,M. domestica,F,8,NA,NA,NA,NA,NA,NA,NA,NA,NA,NA,NA,NA,05/06/24,naive,
27,M. domestica,F,9,NA,NA,NA,NA,NA,NA,NA,NA,NA,NA,NA,NA,05/06/24,naive,
28,M. domestica,M,1,white,0.14,1.1,Y,NA,NA,NA,NA,NA,NA,NA,NA,05/06/24,naive,
29,M. domestica,F,2,blue,6.06,0.2,N,NA,NA,NA,NA,NA,NA,NA,NA,05/06/24,naive,
30,M. domestica,F,3,blue,1.46,10.32,Y,NA,NA,NA,NA,NA,NA,NA,NA,05/06/24,naive,
31,M. domestica,F,4,pink,9.39,10.27,Y,NA,NA,NA,NA,NA,NA,NA,NA,05/06/24,naive,
32,M. domestica,F,5,NA,NA,NA,NA,NA,NA,NA,NA,NA,NA,NA,NA,05/06/24,naive,
33,M. domestica,M,6,NA,NA,NA,NA,NA,NA,NA,NA,NA,NA,NA,NA,05/06/24,naive,
34,M. domestica,F,7,white,8.31,0.17,N,NA,NA,NA,NA,NA,NA,NA,NA,05/06/24,naive,
35,M. domestica,M,8,NA,NA,NA,NA,NA,NA,NA,NA,NA,NA,NA,NA,05/06/24,naive,
36,M. domestica,M,9,NA,NA,NA,NA,NA,NA,NA,NA,NA,NA,NA,NA,05/06/24,naive,
37,M. domestica,M,1,NA,NA,NA,NA,NA,NA,NA,NA,NA,NA,NA,NA,05/06/24,naive,
38,M. domestica,M,2,NA,NA,NA,NA,NA,NA,NA,NA,NA,NA,NA,NA,05/06/24,naive,
39,M. domestica,F,3,yellow,0.2,0.38,N,NA,NA,NA,NA,NA,NA,NA,NA,05/06/24,naive,
40,M. domestica,F,4,NA,NA,NA,NA,NA,NA,NA,NA,NA,NA,NA,NA,05/06/24,naive,
41,M. domestica,M,5,white,6.37,8.35,N,NA,NA,NA,NA,NA,NA,NA,NA,05/06/24,naive,
42,M. domestica,M,6,NA,NA,NA,NA,NA,NA,NA,NA,NA,NA,NA,NA,05/06/24,naive,
43,M. domestica,F,7,NA,NA,NA,NA,NA,NA,NA,NA,NA,NA,NA,NA,05/06/24,naive,
44,M. domestica,F,8,blue,3.32,4.23,N,NA,NA,NA,NA,NA,NA,NA,NA,05/06/24,naive,
45,M. domestica,M,9,NA,NA,NA,NA,NA,NA,NA,NA,NA,NA,NA,NA,05/06/24,naive,
46,M. domestica,F,1,yellow,0.58,3.39,Y,NA,NA,NA,NA,NA,NA,NA,NA,06/06/24,naive,
47,M. domestica,F,2,white,0.56,15.29,Y,NA,NA,NA,NA,NA,NA,NA,NA,06/06/24,naive,
48,M. domestica,F,3,NA,NA,NA,NA,NA,NA,NA,NA,NA,NA,NA,NA,06/06/24,naive,
49,M. domestica,F,4,NA,NA,NA,NA,NA,NA,NA,NA,NA,NA,NA,NA,06/06/24,naive,
50,M. domestica,F,5,NA,NA,NA,NA,NA,NA,NA,NA,NA,NA,NA,NA,06/06/24,naive,
51,M. domestica,M,6,NA,NA,NA,NA,NA,NA,NA,NA,NA,NA,NA,NA,06/06/24,naive,
52,M. domestica,M,7,yellow,0.16,2.19,N,blue,3.18,0.43,N,yellow,4.49,14.18,Y,06/06/24,naive,
53,M. domestica,F,8,white,0.47,1.28,N,NA,NA,NA,NA,NA,NA,NA,NA,06/06/24,naive,
54,M. domestica,F,9,pink,2.21,0.31,N,white,2.59,0.62,N,pink,3.2,10.35,Y,06/06/24,naive,
55,M. domestica,F,1,yellow,0.04,1.25,N,NA,NA,NA,NA,NA,NA,NA,NA,06/06/24,naive,
56,M. domestica,F,2,yellow,18.13,0.52,N,NA,NA,NA,NA,NA,NA,NA,NA,06/06/24,naive,
57,M. domestica,M,3,yellow,0.46,14.26,Y,NA,NA,NA,NA,NA,NA,NA,NA,06/06/24,naive,
58,M. domestica,F,4,yellow,10.47,1.55,N,NA,NA,NA,NA,NA,NA,NA,NA,06/06/24,naive,
59,M. domestica,F,5,pink,15.4,3.58,Y,NA,NA,NA,NA,NA,NA,NA,NA,06/06/24,naive,
60,M. domestica,M,6,pink,1.47,2.48,Y,NA,NA,NA,NA,NA,NA,NA,NA,06/06/24,naive,
61,M. domestica,F,7,NA,NA,NA,NA,NA,NA,NA,NA,NA,NA,NA,NA,06/06/24,naive,
62,M. domestica,F,8,yellow,5.49,2.52,Y,NA,NA,NA,NA,NA,NA,NA,NA,06/06/24,naive,
63,M. domestica,F,9,NA,NA,NA,NA,NA,NA,NA,NA,NA,NA,NA,NA,06/06/24,naive,
64,M. domestica,M,1,blue,0.09,7.36,Y,NA,NA,NA,NA,NA,NA,NA,NA,06/06/24,experienced,no decision made
65,M. domestica,M,2,NA,NA,NA,NA,NA,NA,NA,NA,NA,NA,NA,NA,06/06/24,naive,
66,M. domestica,F,3,NA,NA,NA,NA,NA,NA,NA,NA,NA,NA,NA,NA,06/06/24,experienced,no decision made
67,M. domestica,M,4,blue,3.2,0.29,N,white,3.58,1.01,N,NA,NA,NA,NA,06/06/24,experienced,no decision made
68,M. domestica,M,5,yellow,6.33,0.38,N,NA,NA,NA,NA,NA,NA,NA,NA,06/06/24,experienced,no decision made
69,M. domestica,M,6,white,11.17,6.19,N,NA,NA,NA,NA,NA,NA,NA,NA,06/06/24,experienced,no decision made
70,M. domestica,M,7,NA,NA,NA,NA,NA,NA,NA,NA,NA,NA,NA,NA,06/06/24,experienced,no decision made
71,M. domestica,F,8,NA,NA,NA,NA,NA,NA,NA,NA,NA,NA,NA,NA,06/06/24,experienced,no decision made
72,M. domestica,F,9,NA,NA,NA,NA,NA,NA,NA,NA,NA,NA,NA,NA,06/06/24,experienced,no decision made
73,M. domestica,F,1,yellow,7.44,0.13,N,NA,NA,NA,NA,NA,NA,NA,NA,07/06/24,naive,
74,M. domestica,M,2,NA,NA,NA,NA,NA,NA,NA,NA,NA,NA,NA,NA,07/06/24,naive,
75,M. domestica,M,3,NA,NA,NA,NA,NA,NA,NA,NA,NA,NA,NA,NA,07/06/24,naive,
76,M. domestica,M,4,blue,4.56,1.1,Y,NA,NA,NA,NA,NA,NA,NA,NA,07/06/24,naive,
77,M. domestica,M,5,NA,NA,NA,NA,NA,NA,NA,NA,NA,NA,NA,NA,07/06/24,naive,
78,M. domestica,M,6,pink,16.5,1.39,Y,NA,NA,NA,NA,NA,NA,NA,NA,07/06/24,naive,
79,M. domestica,F,7,NA,NA,NA,NA,NA,NA,NA,NA,NA,NA,NA,NA,07/06/24,naive,
80,M. domestica,M,8,NA,NA,NA,NA,NA,NA,NA,NA,NA,NA,NA,NA,07/06/24,naive,
81,M. domestica,F,9,NA,NA,NA,NA,NA,NA,NA,NA,NA,NA,NA,NA,07/06/24,naive,
82,M. domestica,M,1,blue,0.14,15.36,Y,blue,17.06,0.52,Y,NA,NA,NA,NA,10/06/24,naive,
83,M. domestica,F,2,NA,NA,NA,NA,NA,NA,NA,NA,NA,NA,NA,NA,10/06/24,naive,
84,M. domestica,F,3,NA,NA,NA,NA,NA,NA,NA,NA,NA,NA,NA,NA,10/06/24,naive,
85,M. domestica,F,4,pink,6.24,,Y,NA,NA,NA,NA,NA,NA,NA,NA,10/06/24,naive,
86,M. domestica,F,5,white,5.57,0.18,N,NA,NA,NA,NA,NA,NA,NA,NA,10/06/24,naive,
87,M. domestica,F,6,NA,NA,NA,NA,NA,NA,NA,NA,NA,NA,NA,NA,10/06/24,naive,
88,M. domestica,M,7,NA,NA,NA,NA,NA,NA,NA,NA,NA,NA,NA,NA,10/06/24,naive,
89,M. domestica,F,8,NA,NA,NA,NA,NA,NA,NA,NA,NA,NA,NA,NA,10/06/24,naive,
90,M. domestica,M,9,pink,10.58,2.2,N,NA,NA,NA,NA,NA,NA,NA,NA,10/06/24,naive,
91,M. domestica,M,1,NA,NA,NA,NA,NA,NA,NA,NA,NA,NA,NA,NA,10/06/24,naive,
92,M. domestica,F,2,NA,NA,NA,NA,NA,NA,NA,NA,NA,NA,NA,NA,10/6/2024,naive,
93,M. domestica,F,3,blue,3.23,5.39,Y,NA,NA,NA,NA,NA,NA,NA,NA,10/6/2024,naive,
94,M. domestica,M,4,NA,NA,NA,NA,NA,NA,NA,NA,NA,NA,NA,NA,10/6/2024,naive,
95,M. domestica,F,5,NA,NA,NA,NA,NA,NA,NA,NA,NA,NA,NA,NA,10/6/2024,naive,
96,M. domestica,F,6,white,1.16,1.56,Y,blue,4.16,1.45,Y,NA,NA,NA,NA,10/6/2024,naive,
97,M. domestica,F,7,blue,6.09,4.46,Y,NA,NA,NA,NA,NA,NA,NA,NA,10/6/2024,naive,
98,M. domestica,M,8,NA,NA,NA,NA,NA,NA,NA,NA,NA,NA,NA,NA,10/6/2024,naive,
99,M. domestica,F,9,white,8.59,10.4,Y,NA,NA,NA,NA,NA,NA,NA,NA,10/6/2024,naive,
100,M. domestica,F,1,NA,NA,NA,NA,NA,NA,NA,NA,NA,NA,NA,NA,10/6/2024,naive,
101,M. domestica,M,2,pink,0.02,2.19,N,NA,NA,NA,NA,NA,NA,NA,NA,10/6/2024,naive,
102,M. domestica,F,3,NA,NA,NA,NA,NA,NA,NA,NA,NA,NA,NA,NA,10/6/2024,naive,
103,M. domestica,NA,4,NA,NA,NA,NA,NA,NA,NA,NA,NA,NA,NA,NA,10/6/2024,naive,
104,M. domestica,NA,5,NA,NA,NA,NA,NA,NA,NA,NA,NA,NA,NA,NA,10/6/2024,naive,
105,M. domestica,NA,6,NA,NA,NA,NA,NA,NA,NA,NA,NA,NA,NA,NA,10/6/2024,naive,
106,M. domestica,M,7,blue,5.07,15.39,Y,NA,NA,NA,NA,NA,NA,NA,NA,10/6/2024,naive,
107,M. domestica,M,8,pink,0.47,15.29,Y,NA,NA,NA,NA,NA,NA,NA,NA,10/6/2024,naive,
108,M. domestica,F,9,NA,NA,NA,NA,NA,NA,NA,NA,NA,NA,NA,NA,10/6/2024,naive,
109,M. domestica,F,1,blue,1.76,6.03,Y,blue,9.06,1.03,Y,white,10.16,1.04,N,12/06/2024,naive,
110,M. domestica,F,2,blue,2.44,1.2,Y,NA,NA,NA,NA,NA,NA,NA,NA,12/06/2024,naive,
111,M. domestica,M,3,white,19.42,0.14,Y,NA,NA,NA,NA,NA,NA,NA,NA,12/06/2024,naive,
112,M. domestica,F,4,NA,NA,NA,NA,NA,NA,NA,NA,NA,NA,NA,NA,12/06/2024,naive,
113,M. domestica,F,5,pink,0.48,0.57,Y,NA,NA,NA,NA,NA,NA,NA,NA,12/06/2024,naive,
114,M. domestica,M,6,blue,15.28,2.36,Y,NA,NA,NA,NA,NA,NA,NA,NA,12/06/2024,naive,
115,M. domestica,F,7,pink,4.38,7.06,Y,blue,11.5,1.18,Y,yellow,13.07,5.05,Y,12/06/2024,naive,
116,M. domestica,F,8,white,8.59,0.27,N,pink,11.23,0.17,Y,blue,12.33,0.33,Y,12/06/2024,naive,
117,M. domestica,M,9,NA,NA,NA,NA,NA,NA,NA,NA,NA,NA,NA,NA,12/06/2024,naive,
118,M. domestica,F,1,pink,0.48,4.32,Y,NA,NA,NA,NA,NA,NA,NA,NA,12/06/2024,naive,
119,M. domestica,F,2,white,2.36,1.17,Y,blue,4.03,2.17,Y,white,6.23,4.43,Y,12/06/2024,naive,
120,M. domestica,F,3,NA,NA,NA,NA,NA,NA,NA,NA,NA,NA,NA,NA,12/06/2024,naive,
121,M. domestica,M,4,white,0.19,1.29,Y,white,15.3,0.2,N,white,17.21,0.39,Y,12/06/2024,naive,
122,M. domestica,F,5,NA,NA,NA,NA,NA,NA,NA,NA,NA,NA,NA,NA,12/06/2024,naive,
123,M. domestica,F,6,NA,NA,NA,NA,NA,NA,NA,NA,NA,NA,NA,NA,12/06/2024,naive,
124,M. domestica,M,7,pink,7.01,0.13,Y,NA,NA,NA,NA,NA,NA,NA,NA,12/06/2024,naive,
125,M. domestica,F,8,white,0.28,17.08,Y,NA,NA,NA,NA,NA,NA,NA,NA,12/06/2024,naive,
126,M. domestica,F,9,white,0.38,1.29,Y,white,2.19,1.17,N,blue,10.01,0.34,Y,12/06/2024,naive,
127,M. domestica,M,1,white,0.36,0.49,N,white,6.13,1.17,Y,yellow,12.46,6.5,Y,12/06/2024,naive,
128,M. domestica,F,2,pink,1.46,6.28,Y,blue,8.33,11.16,Y,NA,NA,NA,NA,12/06/2024,naive,
129,M. domestica,M,3,yellow,2.28,2.27,Y,white,4.14,8.59,Y,NA,NA,NA,NA,12/06/2024,naive,
130,M. domestica,F,4,NA,NA,NA,NA,NA,NA,NA,NA,NA,NA,NA,NA,12/06/2024,naive,
131,M. domestica,F,5,white,0.45,8.24,Y,NA,NA,NA,NA,NA,NA,NA,NA,12/06/2024,naive,
132,M. domestica,F,6,pink,17.34,1.57,Y,NA,NA,NA,NA,NA,NA,NA,NA,12/06/2024,naive,
133,M. domestica,F,7,white,2.26,2.54,Y,pink,9.25,10.16,Y,NA,NA,NA,NA,12/06/2024,naive,
134,M. domestica,M,8,blue,2.52,0.3,Y,yellow,11.49,0.1,N,blue,12.2,1.3,Y,12/06/2024,naive,
135,M. domestica,F,9,white,1.35,17.44,Y,NA,NA,NA,NA,NA,NA,NA,NA,12/06/2024,naive,
136,M. domestica,F,1,blue,0.3,1.52,Y,blue,4.09,0.55,Y,pink,5.35,3.01,Y,12/06/2024,naive,
137,M. domestica,F,2,blue,0.09,2.19,Y,pink,2.3,0.25,Y,NA,NA,NA,NA,12/06/2024,naive,
138,M. domestica,F,3,pink,0.1,19.24,Y,NA,NA,NA,NA,NA,NA,NA,NA,12/06/2024,naive,
139,M. domestica,F,4,blue,15.15,4.24,Y,NA,NA,NA,NA,NA,NA,NA,NA,12/06/2024,naive,
140,M. domestica,F,5,white,1.56,4.39,Y,pink,6.4,13.02,Y,NA,NA,NA,NA,12/06/2024,naive,
141,M. domestica,M,6,yellow,5.09,12.43,Y,NA,NA,NA,NA,NA,NA,NA,NA,12/06/2024,naive,
142,M. domestica,M,7,blue,4.26,1.08,Y,blue,11.16,0.54,Y,NA,NA,NA,NA,12/06/2024,naive,
143,M. domestica,F,8,NA,NA,NA,NA,NA,NA,NA,NA,NA,NA,NA,NA,12/06/2024,naive,
144,M. domestica,F,9,yellow,1.29,1.53,Y,yellow,3.51,6.49,Y,NA,NA,NA,NA,12/06/2024,naive,
145,M. domestica,F,1,NA,NA,NA,NA,NA,NA,NA,NA,NA,NA,NA,NA,12/06/2024,naive,
146,M. domestica,F,2,NA,NA,NA,NA,NA,NA,NA,NA,NA,NA,NA,NA,12/06/2024,naive,
147,M. domestica,F,3,NA,NA,NA,NA,NA,NA,NA,NA,NA,NA,NA,NA,12/06/2024,naive,
148,M. domestica,F,4,NA,NA,NA,NA,NA,NA,NA,NA,NA,NA,NA,NA,12/06/2024,naive,
149,M. domestica,M,5,yellow,0.29,1.11,Y,NA,NA,NA,NA,NA,NA,NA,NA,12/06/2024,naive,
150,M. domestica,F,6,white,10.41,5.12,Y,NA,NA,NA,NA,NA,NA,NA,NA,12/06/2024,naive,
151,M. domestica,M,7,NA,NA,NA,NA,NA,NA,NA,NA,NA,NA,NA,NA,12/06/2024,naive,
152,M. domestica,F,8,white,2.23,0.33,Y,NA,NA,NA,NA,NA,NA,NA,NA,12/06/2024,naive,
153,M. domestica,M,9,white,5.04,2.17,N,NA,NA,NA,NA,NA,NA,NA,NA,12/06/2024,naive,
154,M. domestica,F,1,yellow,0.55,5.22,Y,pink,6.24,13.01,Y,NA,NA,NA,NA,13/06/2024,naive,
155,M. domestica,F,2,yellow,9.48,0.22,Y,yellow,10.24,8.41,Y,NA,NA,NA,NA,13/06/2024,naive,
156,M. domestica,M,3,NA,NA,NA,NA,NA,NA,NA,NA,NA,NA,NA,NA,13/06/2024,naive,
157,M. domestica,F,4,pink,1.1,1.38,Y,white,3.15,1.34,Y,white,8.08,1.24,Y,13/06/2024,naive,
158,M. domestica,F,5,yellow,18.21,1.33,Y,NA,NA,NA,NA,NA,NA,NA,NA,13/06/2024,naive,
159,M. domestica,F,6,pink,2.47,16.16,Y,NA,NA,NA,NA,NA,NA,NA,NA,13/06/2024,naive,
160,M. domestica,F,7,white,15.28,3.41,Y,NA,NA,NA,NA,NA,NA,NA,NA,13/06/2024,naive,
161,M. domestica,F,8,white,1.08,0.43,Y,blue,2.59,0.51,Y,white,3.58,0.46,Y,13/06/2024,naive,
162,M. domestica,F,9,blue,1.36,4.15,Y,blue,6.43,2.56,Y,white,10.03,7.34,Y,13/06/2024,naive,
163,M. domestica,F,1,yellow,15.36,4.02,Y,NA,NA,NA,NA,NA,NA,NA,NA,13/06/2024,naive,
164,M. domestica,M,2,blue,0.18,2.31,Y,NA,NA,NA,NA,NA,NA,NA,NA,13/06/2024,naive,
165,M. domestica,M,3,pink,0.19,6.19,Y,NA,NA,NA,NA,NA,NA,NA,NA,13/06/2024,naive,
166,M. domestica,F,4,yellow,1.06,2.28,Y,white,7.46,3.54,Y,yellow,12.57,4.25,Y,13/06/2024,naive,
167,M. domestica,M,5,NA,NA,NA,NA,NA,NA,NA,NA,NA,NA,NA,NA,13/06/2024,naive,
168,M. domestica,F,6,pink,1.16,8.55,Y,yellow,10.17,2.23,Y,blue,14.11,8.35,Y,13/06/2024,naive,
169,M. domestica,F,7,yellow,8,10.49,Y,NA,NA,NA,NA,NA,NA,NA,NA,13/06/2024,naive,
170,M. domestica,F,8,yellow,0.58,3.3,Y,white,4.43,0.36,Y,yellow,5.38,3.07,Y,13/06/2024,naive,
171,M. domestica,M,9,yellow,1.53,3.01,Y,white,5.03,11.43,Y,NA,NA,NA,NA,13/06/2024,naive,
172,M. domestica,F,1,white,0.41,5.35,Y,pink,6.26,6.37,Y,white,12.56,6.58,Y,13/06/2024,naive,
173,M. domestica,F,2,blue,18.01,1.54,Y,NA,NA,NA,NA,NA,NA,NA,NA,13/06/2024,naive,
174,M. domestica,F,3,white,0.18,2.09,Y,pink,2.35,4.26,Y,white,8.44,10.4,Y,13/06/2024,naive,
175,M. domestica,M,4,yellow,1.59,4.09,Y,pink,6.13,3.55,Y,blue,9.48,2.59,Y,13/06/2024,naive,
176,M. domestica,M,5,yellow,11.37,6.3,Y,blue,18.48,0.08,Y,NA,NA,NA,NA,13/06/2024,naive,
177,M. domestica,F,6,pink,3.39,12.15,Y,NA,NA,NA,NA,NA,NA,NA,NA,13/06/2024,naive,
178,M. domestica,M,7,white,1.17,7.32,Y,white,10.41,0.43,Y,NA,NA,NA,NA,13/06/2024,naive,
179,M. domestica,F,8,yellow,0.48,6.13,Y,NA,NA,NA,NA,NA,NA,NA,NA,13/06/2024,naive,
180,M. domestica,F,9,yellow,0.59,0.38,Y,yellow,2.34,5.22,Y,NA,NA,NA,NA,13/06/2024,naive,
181,M. domestica,M,1,yellow,3.48,0.29,Y,NA,NA,NA,NA,NA,NA,NA,NA,30/08/2024,naive,
182,M. domestica,M,2,yellow,3.47,15.28,Y,NA,NA,NA,NA,NA,NA,NA,NA,30/08/2024,naive,
183,M. domestica,M,3,NA,NA,NA,NA,NA,NA,NA,NA,NA,NA,NA,NA,30/08/2024,naive,
184,M. domestica,M,4,NA,NA,NA,NA,NA,NA,NA,NA,NA,NA,NA,NA,30/08/2024,naive,
185,M. domestica,F,5,yellow,10.3,0.19,N,NA,NA,NA,NA,NA,NA,NA,NA,30/08/2024,naive,
186,M. domestica,F,6,white,5.3,7.05,Y,NA,NA,NA,NA,NA,NA,NA,NA,30/08/2024,naive,
187,M. domestica,M,7,yellow,7.01,0.11,N,white,9.27,0.08,Y,NA,NA,NA,NA,30/08/2024,naive,
188,M. domestica,M,8,white,9.11,0.37,Y,NA,NA,NA,NA,NA,NA,NA,NA,30/08/2024,naive,
189,M. domestica,M,9,blue,3.15,16.02,Y,NA,NA,NA,NA,NA,NA,NA,NA,30/08/2024,naive,
190,M. domestica,M,1,yellow,1.29,17.12,Y,NA,NA,NA,NA,NA,NA,NA,NA,30/08/2024,naive,
191,M. domestica,M,2,white,0.33,19.04,Y,NA,NA,NA,NA,NA,NA,NA,NA,30/08/2024,naive,
192,M. domestica,F,3,yellow,1.07,0.13,N,NA,NA,NA,NA,NA,NA,NA,NA,30/08/2024,naive,
193,M. domestica,M,4,white,12.19,4.32,Y,NA,NA,NA,NA,NA,NA,NA,NA,30/08/2024,naive,
194,M. domestica,F,5,white,8.42,6.27,Y,NA,NA,NA,NA,NA,NA,NA,NA,30/08/2024,naive,
195,M. domestica,F,6,yellow,4.49,6.39,Y,NA,NA,NA,NA,NA,NA,NA,NA,30/08/2024,naive,
196,M. domestica,F,7,pink,15.25,1.07,N,NA,NA,NA,NA,NA,NA,NA,NA,30/08/2024,naive,
197,M. domestica,M,8,yellow,0.51,6.53,Y,NA,NA,NA,NA,NA,NA,NA,NA,30/08/2024,naive,
198,M. domestica,F,9,white,0.28,1.56,Y,NA,NA,NA,NA,NA,NA,NA,NA,30/08/2024,naive,
199,C. stygia,M,1,yellow,2.16,4,Y,yellow,10.03,0.21,Y,NA,NA,NA,NA,22/07/24,naive,
200,C. stygia,F,2,white,1.39,1.48,Y,blue,3.36,3.41,Y,blue,7.26,11.43,Y,22/07/24,naive,
201,C. stygia,M,3,pink,1.17,2.35,Y,pink,5.54,0.28,Y,yellow,8.06,0.45,N,22/07/24,naive,
202,C. stygia,M,4,yellow,19.31,0.2,Y,NA,NA,NA,NA,NA,NA,NA,NA,22/07/24,naive,
203,C. stygia,F,5,pink,0.57,1.54,Y,NA,NA,NA,NA,NA,NA,NA,NA,22/07/24,naive,
204,C. stygia,F,6,NA,NA,NA,NA,NA,NA,NA,NA,NA,NA,NA,NA,22/07/24,naive,
205,C. stygia,F,7,pink,2.38,16.36,Y,NA,NA,NA,NA,NA,NA,NA,NA,22/07/24,naive,
206,C. stygia,F,8,pink,16.5,0.44,N,NA,NA,NA,NA,NA,NA,NA,NA,22/07/24,naive,
207,C. stygia,M,9,NA,NA,NA,NA,NA,NA,NA,NA,NA,NA,NA,NA,22/07/24,naive,
208,C. stygia,F,1,white,6.33,6.44,Y,white,14.28,0.35,Y,yellow,15.13,0.29,Y,22/07/24,naive,
209,C. stygia,F,2,blue,6.05,5.53,Y,pink,14.17,2.04,Y,white,16.46,2.31,Y,22/07/24,naive,
210,C. stygia,M,3,yellow,1.41,2.05,Y,white,3.52,1.01,Y,white,5.43,4.01,Y,22/07/24,naive,
211,C. stygia,F,4,white,11.22,8.07,Y,NA,NA,NA,NA,NA,NA,NA,NA,22/07/24,naive,
212,C. stygia,M,5,blue,14.05,2.27,Y,pink,16.11,3.01,Y,NA,NA,NA,NA,22/07/24,naive,
213,C. stygia,M,6,white,1.29,4.34,Y,blue,5.11,6.13,Y,blue,17.36,1.53,Y,22/07/24,naive,
214,C. stygia,M,7,white,1.18,0.25,Y,yellow,1.54,1.45,Y,yellow,4.34,2.01,Y,22/07/24,naive,
215,C. stygia,F,8,pink,3.18,2.3,Y,NA,NA,NA,NA,NA,NA,NA,NA,22/07/24,naive,
216,C. stygia,M,9,blue,2.44,2.41,Y,NA,NA,NA,NA,NA,NA,NA,NA,22/07/24,naive,
217,C. stygia,M,1,pink,3.3,2.46,Y,white,6.2,2.22,Y,pink,8.45,10.44,Y,22/07/24,naive,
218,C. stygia,M,2,white,5.37,3.23,Y,yellow,10.18,3.36,Y,blue,13.5,2.36,Y,22/07/24,naive,
219,C. stygia,F,3,pink,1.02,1.26,Y,NA,NA,NA,NA,NA,NA,NA,NA,22/07/24,naive,
220,C. stygia,M,4,white,1.37,17.51,Y,NA,NA,NA,NA,NA,NA,NA,NA,22/07/24,naive,
221,C. stygia,F,5,pink,1.18,0.51,Y,yellow,3.11,1.06,Y,white,4.32,0.26,Y,22/07/24,naive,
222,C. stygia,F,6,pink,11.36,0.12,Y,blue,11.53,0.34,N,yellow,12.45,0.17,N,22/07/24,naive,
223,C. stygia,F,7,NA,NA,NA,NA,NA,NA,NA,NA,NA,NA,NA,NA,22/07/24,naive,
224,C. stygia,M,8,NA,NA,NA,NA,NA,NA,NA,NA,NA,NA,NA,NA,22/07/24,naive,
225,C. stygia,F,9,blue,19.01,0.53,Y,NA,NA,NA,NA,NA,NA,NA,NA,22/07/24,naive,
226,C. stygia,M,1,pink,2.4,0.19,Y,white,3.04,3.31,Y,yellow,6.37,3.15,Y,22/07/24,naive,
227,C. stygia,M,2,blue,7.04,11.01,Y,white,18.15,0.13,N,blue,19.31,0.29,Y,22/07/24,naive,
228,C. stygia,M,3,pink,2.4,0.1,Y,yellow,2.53,2.36,Y,NA,NA,NA,NA,22/07/24,naive,
229,C. stygia,F,4,yellow,9.27,10.43,Y,NA,NA,NA,NA,NA,NA,NA,NA,22/07/24,naive,
230,C. stygia,M,5,NA,NA,NA,NA,NA,NA,NA,NA,NA,NA,NA,NA,22/07/24,naive,
231,C. stygia,M,6,white,3.26,0.41,Y,white,7.19,11.51,Y,NA,NA,NA,NA,22/07/24,naive,
232,C. stygia,F,7,blue,0.23,0.38,N,blue,3.07,0.4,Y,blue,4.37,3.15,Y,22/07/24,naive,
233,C. stygia,F,8,NA,NA,NA,NA,NA,NA,NA,NA,NA,NA,NA,NA,22/07/24,naive,
234,C. stygia,M,9,white,2.07,0.25,Y,yellow,3.11,3.48,Y,yellow,9.53,11.03,Y,22/07/24,naive,
235,C. stygia,F,1,pink,3.33,3.24,Y,white,7.1,6.37,Y,white,19.27,0.23,Y,22/07/24,naive,
236,C. stygia,M,2,pink,7.12,0.45,Y,white,17.09,2.02,Y,NA,NA,NA,NA,22/07/24,naive,
237,C. stygia,F,3,blue,0.25,0.37,Y,yellow,1.07,2.44,Y,blue,3.35,0.45,Y,22/07/24,naive,
238,C. stygia,M,4,NA,NA,NA,NA,NA,NA,NA,NA,NA,NA,NA,NA,22/07/24,naive,
239,C. stygia,M,5,white,1.55,3.07,Y,pink,4.16,3.12,Y,white,8.2,4.34,Y,22/07/24,naive,
240,C. stygia,M,6,white,6.55,0.13,Y,pink,8.49,0.07,N,NA,NA,NA,NA,22/07/24,naive,
241,C. stygia,M,7,yellow,2.29,1.25,Y,NA,NA,NA,NA,NA,NA,NA,NA,22/07/24,naive,
242,C. stygia,M,8,blue,0.13,2.38,Y,NA,NA,NA,NA,NA,NA,NA,NA,22/07/24,naive,
243,C. stygia,M,9,blue,2.07,2.46,Y,white,6.41,0.17,Y,pink,7.07,0.06,N,22/07/24,naive,
244,C. stygia,F,1,blue,0.5,0.58,Y,white,1.54,3.44,Y,white,6.06,0.34,Y,22/07/24,naive,
245,C. stygia,M,2,yellow,2.23,1.19,Y,yellow,4.48,0.4,Y,yellow,6.32,0.54,Y,22/07/24,naive,
246,C. stygia,M,3,NA,NA,NA,NA,NA,NA,NA,NA,NA,NA,NA,NA,22/07/24,naive,
247,C. stygia,F,4,NA,NA,NA,NA,NA,NA,NA,NA,NA,NA,NA,NA,22/07/24,naive,
248,C. stygia,M,5,pink,1.31,1.53,Y,pink,5.11,0.32,Y,pink,8.49,2.02,Y,22/07/24,naive,
249,C. stygia,M,6,yellow,1.24,18.28,Y,NA,NA,NA,NA,NA,NA,NA,NA,22/07/24,naive,
250,C. stygia,M,7,yellow,2.18,6.02,Y,blue,8.29,0.44,Y,white,9.06,,Y,22/07/24,naive,
251,C. stygia,M,8,yellow,12.27,1.37,Y,blue,14.1,0.43,Y,yellow,14.54,0.57,Y,22/07/24,naive,
252,C. stygia,F,9,NA,NA,NA,NA,NA,NA,NA,NA,NA,NA,NA,NA,22/07/24,naive,
253,C. stygia,M,1,blue,1.41,4.1,Y,yellow,5.56,2.25,Y,white,8.21,3.29,Y,22/07/24,naive,
254,C. stygia,F,2,pink,1.02,16.35,Y,NA,NA,NA,NA,NA,NA,NA,NA,22/07/24,naive,
255,C. stygia,M,3,NA,NA,NA,NA,NA,NA,NA,NA,NA,NA,NA,NA,22/07/24,naive,
256,C. stygia,M,4,pink,1.15,0.23,Y,blue,1.47,1.28,Y,pink,4.08,1.29,Y,22/07/24,naive,
257,C. stygia,F,5,pink,1.23,1.16,Y,yellow,4.23,3.59,Y,pink,6.43,2.5,Y,22/07/24,naive,
258,C. stygia,F,6,pink,4.52,1.24,Y,blue,6.2,0.44,Y,pink,7.05,0.17,Y,22/07/24,naive,
259,C. stygia,F,7,NA,NA,NA,NA,NA,NA,NA,NA,NA,NA,NA,NA,22/07/24,naive,
260,C. stygia,M,8,pink,3.08,16.08,Y,NA,NA,NA,NA,NA,NA,NA,NA,22/07/24,naive,
261,C. stygia,M,9,yellow,3.33,2.59,Y,NA,NA,NA,NA,NA,NA,NA,NA,22/07/24,naive,
262,C. stygia,F,1,pink,8.27,2.18,Y,yellow,11.57,0.46,Y,pink,12.49,0.18,Y,22/07/24,naive,
263,C. stygia,F,2,pink,2.04,5.45,Y,pink,13.54,1.05,Y,pink,15.49,0.48,Y,22/07/24,naive,
264,C. stygia,M,3,NA,NA,NA,NA,NA,NA,NA,NA,NA,NA,NA,NA,22/07/24,naive,
265,C. stygia,F,4,blue,4.41,1.35,Y,yellow,6.19,1.48,Y,NA,NA,NA,NA,22/07/24,naive,
266,C. stygia,F,5,white,0.45,5.06,Y,NA,NA,NA,NA,NA,NA,NA,NA,22/07/24,naive,
267,C. stygia,M,6,pink,1.49,3.59,Y,NA,NA,NA,NA,NA,NA,NA,NA,22/07/24,naive,
268,C. stygia,M,7,yellow,0.45,16.12,Y,yellow,18.47,0.48,Y,NA,NA,NA,NA,22/07/24,naive,
269,C. stygia,M,8,yellow,0.47,1.48,Y,yellow,3.32,0.1,Y,pink,3.48,0.09,N,22/07/24,naive,
270,C. stygia,M,9,pink,1.32,1.52,Y,NA,NA,NA,NA,NA,NA,NA,NA,22/07/24,naive,
271,C. stygia,M,1,white,3.3,2.45,Y,blue,8.41,3.39,Y,yellow,12.3,1.53,Y,24/07/24,naive,
272,C. stygia,M,2,yellow,1.01,1.04,Y,blue,2.21,1.05,Y,yellow,3.3,0.39,Y,24/07/24,naive,
273,C. stygia,M,3,yellow,2.05,0.27,Y,pink,2.39,3.27,Y,white,6.35,0.12,Y,24/07/24,naive,
274,C. stygia,F,4,NA,NA,NA,NA,NA,NA,NA,NA,NA,NA,NA,NA,24/07/24,naive,
275,C. stygia,F,5,white,1.04,1.53,Y,NA,NA,NA,NA,NA,NA,NA,NA,24/07/24,naive,
276,C. stygia,F,6,NA,NA,NA,NA,NA,NA,NA,NA,NA,NA,NA,NA,24/07/24,naive,
277,C. stygia,F,7,pink,10.11,1.28,Y,NA,NA,NA,NA,NA,NA,NA,NA,24/07/24,naive,
278,C. stygia,F,8,NA,NA,NA,NA,NA,NA,NA,NA,NA,NA,NA,NA,24/07/24,naive,
279,C. stygia,M,9,blue,6.1,0.09,N,NA,NA,NA,NA,NA,NA,NA,NA,24/07/24,naive,
280,C. stygia,F,1,blue,1.35,3.17,Y,pink,5,0.46,Y,blue,5.53,3.05,Y,24/07/24,naive,
281,C. stygia,M,2,pink,2.43,0.39,Y,pink,6.19,3.02,Y,white,9.3,1.54,Y,24/07/24,naive,
282,C. stygia,M,3,NA,NA,NA,NA,NA,NA,NA,NA,NA,NA,NA,NA,24/07/24,naive,
283,C. stygia,M,4,blue,1.43,1.47,Y,white,4.01,1.49,Y,yellow,7.5,0.22,Y,24/07/24,naive,
284,C. stygia,F,5,pink,11.57,3.24,Y,yellow,15.07,2.39,Y,pink,18.48,1.17,Y,24/07/24,naive,
285,C. stygia,F,6,yellow,2.45,2.23,Y,yellow,1.16,1.18,N,white,7.47,0.29,Y,24/07/24,naive,
286,C. stygia,F,7,white,12.59,0.48,Y,white,14.01,0.11,Y,pink,14.2,0.29,Y,24/07/24,naive,
287,C. stygia,M,8,white,0.21,0.28,Y,pink,0.57,0.18,Y,yellow,1.13,4.11,Y,24/07/24,naive,
288,C. stygia,F,9,white,2.17,1.03,Y,NA,NA,NA,NA,NA,NA,NA,NA,24/07/24,naive,
289,C. stygia,F,1,yellow,1.19,1.45,Y,blue,6.11,2.44,Y,white,8.53,0.14,Y,24/07/24,naive,
290,C. stygia,M,2,yellow,3.47,1.27,Y,blue,5.2,0.31,Y,yellow,5.53,1.09,Y,24/07/24,naive,
291,C. stygia,F,3,pink,6.18,4.15,Y,white,10.38,1.08,Y,NA,NA,NA,NA,24/07/24,naive,
292,C. stygia,M,4,NA,NA,NA,NA,NA,NA,NA,NA,NA,NA,NA,NA,24/07/24,naive,
293,C. stygia,F,5,blue,4.13,4.2,Y,blue,8.37,0.15,Y,yellow,10.1,0.52,Y,24/07/24,naive,
294,C. stygia,F,6,pink,11.02,2.11,Y,NA,NA,NA,NA,NA,NA,NA,NA,24/07/24,naive,
295,C. stygia,F,7,pink,3.22,2.01,Y,blue,9.53,8.01,N,pink,13.28,0.47,Y,24/07/24,naive,
296,C. stygia,F,8,white,0.41,2.13,Y,pink,5.01,2.38,Y,yellow,6.01,0.05,N,24/07/24,naive,
297,C. stygia,M,9,yellow,0.36,1.46,Y,NA,NA,NA,NA,NA,NA,NA,NA,24/07/24,naive,
298,C. stygia,F,1,white,0.57,0.16,N,pink,8.56,1.28,Y,blue,10.32,0.18,Y,24/07/24,naive,
299,C. stygia,M,2,white,1.34,2.45,Y,pink,4.25,0.19,Y,white,4.44,0.17,Y,24/07/24,naive,
300,C. stygia,F,3,pink,1.44,3.47,Y,NA,NA,NA,NA,NA,NA,NA,NA,24/07/24,naive,
301,C. stygia,M,4,NA,NA,NA,NA,NA,NA,NA,NA,NA,NA,NA,NA,24/07/24,naive,
302,C. stygia,F,5,yellow,1.38,0.54,Y,yellow,2.49,0.15,Y,white,4.44,0.14,Y,24/07/24,naive,
303,C. stygia,M,6,blue,0.18,1.28,Y,NA,NA,NA,NA,NA,NA,NA,NA,24/07/24,naive,
304,C. stygia,F,7,white,3.31,7.44,Y,NA,NA,NA,NA,NA,NA,NA,NA,24/07/24,naive,
305,C. stygia,M,8,white,3.23,6.31,Y,white,13.53,0.4,Y,pink,14.44,1.2,Y,24/07/24,naive,
306,C. stygia,F,9,pink,11.09,1.45,Y,pink,4,2.25,Y,NA,NA,NA,NA,24/07/24,naive,
307,C. stygia,NA,1,yellow,5.01,2.52,Y,yellow,8.14,9.33,Y,white,17.54,0.17,Y,24/07/24,naive,
308,C. stygia,F,2,white,12.04,3.43,Y,blue,15.58,3.58,Y,NA,NA,NA,NA,24/07/24,naive,
309,C. stygia,M,3,white,9.33,0.45,Y,NA,NA,NA,NA,NA,NA,NA,NA,24/07/24,naive,
310,C. stygia,M,4,pink,9.56,1.13,Y,NA,NA,NA,NA,NA,NA,NA,NA,24/07/24,naive,
311,C. stygia,F,5,pink,4.54,1.37,Y,yellow,6.33,1.05,Y,blue,7.39,0.14,Y,24/07/24,naive,
312,C. stygia,M,6,pink,6.45,1.09,Y,NA,NA,NA,NA,NA,NA,NA,NA,24/07/24,naive,
313,C. stygia,F,7,NA,NA,NA,NA,NA,NA,NA,NA,NA,NA,NA,NA,24/07/24,naive,
314,C. stygia,M,8,NA,NA,NA,NA,NA,NA,NA,NA,NA,NA,NA,NA,24/07/24,naive,
315,C. stygia,F,9,pink,3.08,1.01,Y,white,4.24,0.53,Y,blue,12.46,0.21,Y,24/07/24,naive,
316,C. stygia,F,1,NA,NA,NA,NA,NA,NA,NA,NA,NA,NA,NA,NA,24/07/24,naive,
317,C. stygia,M,2,white,10.52,0.07,N,NA,NA,NA,NA,NA,NA,NA,NA,31/07/24,naive,
318,C. stygia,F,3,white,7.5,0.17,Y,pink,8.09,0.18,N,yellow,9.35,0.41,Y,31/07/24,naive,
319,C. stygia,F,4,blue,4.51,1.29,Y,yellow,6.28,1.28,Y,pink,7.55,1.47,Y,31/07/24,naive,
320,C. stygia,F,5,pink,0.59,13.34,N,NA,NA,NA,NA,NA,NA,NA,NA,31/07/24,naive,
321,C. stygia,M,6,NA,NA,NA,NA,NA,NA,NA,NA,NA,NA,NA,NA,31/07/24,naive,
322,C. stygia,M,7,NA,NA,NA,NA,NA,NA,NA,NA,NA,NA,NA,NA,31/07/24,naive,
323,C. stygia,F,8,NA,NA,NA,NA,NA,NA,NA,NA,NA,NA,NA,NA,31/07/24,naive,
324,C. stygia,F,9,white,3.38,0.51,Y,pink,9.25,0.37,N,NA,NA,NA,NA,31/07/24,naive,
325,C. stygia,F,1,NA,NA,NA,NA,NA,NA,NA,NA,NA,NA,NA,NA,31/07/24,naive,
326,C. stygia,F,2,yellow,8.09,3.41,Y,NA,NA,NA,NA,NA,NA,NA,NA,31/07/24,naive,
327,C. stygia,M,3,NA,NA,NA,NA,NA,NA,NA,NA,NA,NA,NA,NA,31/07/24,naive,
328,C. stygia,F,4,white,0.07,2.15,Y,NA,NA,NA,NA,NA,NA,NA,NA,31/07/24,naive,
329,C. stygia,F,5,NA,NA,NA,NA,NA,NA,NA,NA,NA,NA,NA,NA,31/07/24,naive,
330,C. stygia,M,6,NA,NA,NA,NA,NA,NA,NA,NA,NA,NA,NA,NA,31/07/24,naive,
331,C. stygia,F,7,NA,NA,NA,NA,NA,NA,NA,NA,NA,NA,NA,NA,31/07/24,naive,
332,C. stygia,F,8,NA,NA,NA,NA,NA,NA,NA,NA,NA,NA,NA,NA,31/07/24,naive,
333,C. stygia,F,9,NA,NA,NA,NA,NA,NA,NA,NA,NA,NA,NA,NA,31/07/24,naive,
334,C. stygia,F,1,blue,18.52,0.17,N,NA,NA,NA,NA,NA,NA,NA,NA,01/08/24,naive,
335,C. stygia,F,2,blue,6.25,0.24,N,NA,NA,NA,NA,NA,NA,NA,NA,01/08/24,naive,
336,C. stygia,F,3,yellow,4.25,1.17,Y,white,7.15,0.18,N,pink,8.05,0.23,Y,01/08/24,naive,
337,C. stygia,M,4,blue,0.52,4.06,Y,yellow,5,8.12,Y,NA,NA,NA,NA,01/08/24,naive,
338,C. stygia,F,5,pink,15.19,3.48,Y,NA,NA,NA,NA,NA,NA,NA,NA,01/08/24,naive,
339,C. stygia,M,6,yellow,11.47,0.14,N,blue,16.2,3.23,Y,NA,NA,NA,NA,01/08/24,naive,
340,C. stygia,F,7,yellow,8.22,10.15,Y,NA,NA,NA,NA,NA,NA,NA,NA,01/08/24,naive,
341,C. stygia,F,8,yellow,15.05,4.35,Y,NA,NA,NA,NA,NA,NA,NA,NA,01/08/24,naive,
342,C. stygia,F,9,pink,2.39,0.11,N,pink,3.02,1.3,Y,white,12.09,3.22,Y,01/08/24,naive,
343,C. stygia,F,1,white,0.14,2.16,Y,yellow,7.29,0.16,Y,pink,8.35,0.11,Y,01/08/24,naive,
344,C. stygia,M,2,blue,3.26,2.11,Y,blue,16.12,2.2,Y,blue,19.29,0.23,Y,01/08/24,naive,
345,C. stygia,F,3,pink,6.31,0.21,Y,NA,NA,NA,NA,NA,NA,NA,NA,01/08/24,naive,
346,C. stygia,F,4,pink,2.53,16.47,Y,NA,NA,NA,NA,NA,NA,NA,NA,01/08/24,naive,
347,C. stygia,F,5,white,2.01,1.09,Y,blue,3.21,1.44,Y,white,5.15,0.22,Y,01/08/24,naive,
348,C. stygia,M,6,NA,NA,NA,NA,NA,NA,NA,NA,NA,NA,NA,NA,01/08/24,naive,
349,C. stygia,M,7,NA,NA,NA,NA,NA,NA,NA,NA,NA,NA,NA,NA,01/08/24,naive,
350,C. stygia,F,8,white,1.33,1.08,Y,NA,NA,NA,NA,NA,NA,NA,NA,01/08/24,naive,
351,C. stygia,F,9,NA,NA,NA,NA,NA,NA,NA,NA,NA,NA,NA,NA,01/08/24,naive,
352,C. stygia,F,1,blue,0.26,8.26,Y,blue,10.32,0.15,N,pink,14.3,0.18,N,01/08/24,naive,
353,C. stygia,F,2,yellow,0.11,6.09,Y,yellow,12.51,3.33,N,pink,18,0.07,N,01/08/24,naive,
354,E. tenax,M,1,yellow,8.27,0.39,Y,NA,NA,NA,NA,NA,NA,NA,NA,24/09/24,naive,
355,E. tenax,F,2,yellow,9.41,6.5,Y,NA,NA,NA,NA,NA,NA,NA,NA,24/09/24,naive,
356,E. tenax,M,3,NA,NA,NA,NA,NA,NA,NA,NA,NA,NA,NA,NA,24/09/24,naive,
357,E. tenax,M,4,yellow,5.26,,Y,NA,NA,NA,NA,NA,NA,NA,NA,24/09/24,naive,
358,E. tenax,F,5,NA,NA,NA,NA,NA,NA,NA,NA,NA,NA,NA,NA,24/09/24,naive,
359,E. tenax,F,6,blue,6.29,0.17,N,NA,NA,NA,NA,NA,NA,NA,NA,24/09/24,naive,
360,E. tenax,M,7,white,0.08,0.29,Y,white,0.45,1.51,Y,white,7.08,1.24,N,24/09/24,naive,
361,E. tenax,F,8,white,19.53,0.07,Y,NA,NA,NA,NA,NA,NA,NA,NA,24/09/24,naive,
362,E. tenax,F,9,NA,NA,NA,NA,NA,NA,NA,NA,NA,NA,NA,NA,24/09/24,naive,
363,E. tenax,F,1,NA,NA,NA,NA,NA,NA,NA,NA,NA,NA,NA,NA,24/09/24,naive,
364,E. tenax,F,2,yellow,12.46,0.21,Y,NA,NA,NA,NA,NA,NA,NA,NA,24/09/24,naive,
365,E. tenax,M,3,NA,NA,NA,NA,NA,NA,NA,NA,NA,NA,NA,NA,24/09/24,naive,
366,E. tenax,M,4,yellow,10.45,2.18,Y,NA,NA,NA,NA,NA,NA,NA,NA,24/09/24,naive,
367,E. tenax,M,5,yellow,9.08,2.34,Y,NA,NA,NA,NA,NA,NA,NA,NA,24/09/24,naive,
368,E. tenax,M,6,yellow,8.59,0.18,N,NA,NA,NA,NA,NA,NA,NA,NA,24/09/24,naive,
369,E. tenax,F,7,pink,8.34,7.29,Y,NA,NA,NA,NA,NA,NA,NA,NA,24/09/24,naive,
370,E. tenax,F,8,NA,NA,NA,NA,NA,NA,NA,NA,NA,NA,NA,NA,24/09/24,naive,
371,E. tenax,F,9,NA,NA,NA,NA,NA,NA,NA,NA,NA,NA,NA,NA,24/09/24,naive,
372,E. tenax,F,1,white,13.15,1.13,N,NA,NA,NA,NA,NA,NA,NA,NA,24/09/24,naive,
373,E. tenax,F,2,NA,NA,NA,NA,NA,NA,NA,NA,NA,NA,NA,NA,24/09/24,naive,
374,E. tenax,M,3,NA,NA,NA,NA,NA,NA,NA,NA,NA,NA,NA,NA,24/09/24,naive,
375,E. tenax,F,4,yellow,2.19,18.13,Y,NA,NA,NA,NA,NA,NA,NA,NA,24/09/24,naive,
376,E. tenax,F,5,yellow,4.38,1.42,,NA,NA,NA,NA,NA,NA,NA,NA,24/09/24,naive,
377,E. tenax,F,6,yellow,1.43,18.1,Y,NA,NA,NA,NA,NA,NA,NA,NA,24/09/24,naive,
378,E. tenax,F,7,NA,NA,NA,NA,NA,NA,NA,NA,NA,NA,NA,NA,24/09/24,naive,
379,E. tenax,F,8,NA,NA,NA,NA,NA,NA,NA,NA,NA,NA,NA,NA,24/09/24,naive,
380,E. tenax,M,9,yellow,0.39,19.2,Y,NA,NA,NA,NA,NA,NA,NA,NA,24/09/24,naive,
381,E. tenax,F,1,yellow,0.43,8.07,Y,NA,NA,NA,NA,NA,NA,NA,NA,24/09/24,naive,
382,E. tenax,M,2,NA,NA,NA,NA,NA,NA,NA,NA,NA,NA,NA,NA,24/09/24,naive,
383,E. tenax,F,3,yellow,12.26,3.14,Y,NA,NA,NA,NA,NA,NA,NA,NA,24/09/24,naive,
384,E. tenax,M,4,NA,NA,NA,NA,NA,NA,NA,NA,NA,NA,NA,NA,24/09/24,naive,
385,E. tenax,F,5,NA,NA,NA,NA,NA,NA,NA,NA,NA,NA,NA,NA,24/09/24,naive,
386,E. tenax,F,6,NA,NA,NA,NA,NA,NA,NA,NA,NA,NA,NA,NA,24/09/24,naive,
387,E. tenax,F,7,NA,NA,NA,NA,NA,NA,NA,NA,NA,NA,NA,NA,24/09/24,naive,
388,E. tenax,F,8,yellow,0.34,4.56,Y,NA,NA,NA,NA,NA,NA,NA,NA,24/09/24,naive,
389,E. tenax,M,9,yellow,1.18,18.15,Y,NA,NA,NA,NA,NA,NA,NA,NA,24/09/24,naive,
390,E. tenax,M,1,yellow,0.5,1.45,Y,yellow,3.35,0.14,Y,pink,3.49,0.24,Y,24/09/24,naive,
391,E. tenax,F,2,yellow,3.2,0.43,Y,NA,NA,NA,NA,NA,NA,NA,NA,24/09/24,naive,
392,E. tenax,F,3,yellow,0.55,0.53,Y,yellow,10.01,2.25,Y,yellow,13.57,0.27,Y,24/09/24,naive,
393,E. tenax,F,4,white,9.45,1.36,N,NA,NA,NA,NA,NA,NA,NA,NA,24/09/24,naive,
394,E. tenax,F,5,yellow,18.59,1,Y,NA,NA,NA,NA,NA,NA,NA,NA,24/09/24,naive,
395,E. tenax,M,6,yellow,1,11.28,Y,yellow,12.42,0.26,Y,NA,NA,NA,NA,24/09/24,naive,
396,E. tenax,F,7,pink,12.34,1.23,N,NA,NA,NA,NA,NA,NA,NA,NA,24/09/24,naive,
397,E. tenax,F,8,blue,7.48,0.03,N,NA,NA,NA,NA,NA,NA,NA,NA,24/09/24,naive,
398,E. tenax,F,9,NA,NA,NA,NA,NA,NA,NA,NA,NA,NA,NA,NA,24/09/24,naive,
399,E. tenax,M,1,yellow,0.15,19.16,Y,NA,NA,NA,NA,NA,NA,NA,NA,24/09/24,naive,
400,E. tenax,F,2,yellow,0.19,6.58,Y,NA,NA,NA,NA,NA,NA,NA,NA,24/09/24,naive,
401,E. tenax,M,3,yellow,0.46,11.39,Y,NA,NA,NA,NA,NA,NA,NA,NA,24/09/24,naive,
402,E. tenax,F,4,NA,NA,NA,NA,NA,NA,NA,NA,NA,NA,NA,NA,24/09/24,naive,
403,E. tenax,F,5,white,0.23,19.12,Y,NA,NA,NA,NA,NA,NA,NA,NA,24/09/24,naive,
404,E. tenax,M,6,blue,1.56,0.41,Y,NA,NA,NA,NA,NA,NA,NA,NA,24/09/24,naive,
405,E. tenax,M,7,yellow,10.11,9.28,Y,NA,NA,NA,NA,NA,NA,NA,NA,24/09/24,naive,
406,E. tenax,F,8,pink,1.37,0.54,Y,yellow,10.57,1.15,Y,NA,NA,NA,NA,24/09/24,naive,
407,E. tenax,F,9,white,0.28,5.21,Y,NA,NA,NA,NA,NA,NA,NA,NA,24/09/24,naive,
408,E. tenax,F,1,yellow,2.11,12.22,Y,NA,NA,NA,NA,NA,NA,NA,NA,24/09/24,naive,
409,E. tenax,F,2,yellow,8.56,4.57,Y,NA,NA,NA,NA,NA,NA,NA,NA,24/09/24,naive,
410,E. tenax,F,3,NA,NA,NA,NA,NA,NA,NA,NA,NA,NA,NA,NA,24/09/24,naive,
411,E. tenax,M,4,NA,NA,NA,NA,NA,NA,NA,NA,NA,NA,NA,NA,24/09/24,naive,
412,E. tenax,M,5,white,16.56,3.05,Y,NA,NA,NA,NA,NA,NA,NA,NA,24/09/24,naive,
413,E. tenax,F,6,NA,NA,NA,NA,NA,NA,NA,NA,NA,NA,NA,NA,24/09/24,naive,
414,E. tenax,F,7,NA,NA,NA,NA,NA,NA,NA,NA,NA,NA,NA,NA,24/09/24,naive,
415,E. tenax,F,8,yellow,17.46,2.07,Y,NA,NA,NA,NA,NA,NA,NA,NA,24/09/24,naive,
416,E. tenax,M,9,NA,NA,NA,NA,NA,NA,NA,NA,NA,NA,NA,NA,24/09/24,naive,
417,E. tenax,F,1,yellow,13.05,6.58,Y,NA,NA,NA,NA,NA,NA,NA,NA,24/09/24,naive,
418,E. tenax,M,2,blue,0.56,0.08,N,NA,NA,NA,NA,NA,NA,NA,NA,24/09/24,naive,
419,E. tenax,M,3,NA,NA,NA,NA,NA,NA,NA,NA,NA,NA,NA,NA,24/09/24,naive,
420,E. tenax,F,4,NA,NA,NA,NA,NA,NA,NA,NA,NA,NA,NA,NA,24/09/24,naive,
421,E. tenax,F,5,yellow,7.55,1.43,Y,NA,NA,NA,NA,NA,NA,NA,NA,24/09/24,naive,
422,E. tenax,F,6,yellow,18.16,0.13,Y,NA,NA,NA,NA,NA,NA,NA,NA,24/09/24,naive,
423,E. tenax,F,7,yellow,1.1,1.53,Y,NA,NA,NA,NA,NA,NA,NA,NA,24/09/24,naive,
424,E. tenax,F,8,yellow,3.32,1.41,Y,NA,NA,NA,NA,NA,NA,NA,NA,24/09/24,naive,
425,E. tenax,M,9,NA,NA,NA,NA,NA,NA,NA,NA,NA,NA,NA,NA,24/09/24,naive,
426,E. tenax,F,1,NA,NA,NA,NA,NA,NA,NA,NA,NA,NA,NA,NA,24/09/24,naive,
427,E. tenax,M,2,blue,0.13,0.25,N,NA,NA,NA,NA,NA,NA,NA,NA,24/09/24,naive,
428,E. tenax,F,3,NA,NA,NA,NA,NA,NA,NA,NA,NA,NA,NA,NA,24/09/24,naive,
429,E. tenax,F,4,blue,2.14,3.19,Y,NA,NA,NA,NA,NA,NA,NA,NA,24/09/24,naive,
430,E. tenax,M,5,pink,0.11,0.47,Y,NA,NA,NA,NA,NA,NA,NA,NA,24/09/24,naive,
431,E. tenax,M,6,white,13.36,0.3,Y,NA,NA,NA,NA,NA,NA,NA,NA,24/09/24,naive,
432,E. tenax,M,7,NA,NA,NA,NA,NA,NA,NA,NA,NA,NA,NA,NA,24/09/24,naive,
433,E. tenax,F,8,yellow,10.02,9.17,Y,NA,NA,NA,NA,NA,NA,NA,NA,24/09/24,naive,
434,E. tenax,M,9,yellow,8.29,1.46,N,NA,NA,NA,NA,NA,NA,NA,NA,24/09/24,naive,
435,E. tenax,F,1,yellow,5.41,0.36,Y,NA,NA,NA,NA,NA,NA,NA,NA,25/09/24,naive,
436,E. tenax,M,2,NA,NA,NA,NA,NA,NA,NA,NA,NA,NA,NA,NA,25/09/24,naive,
437,E. tenax,M,3,yellow,19.17,0.42,Y,NA,NA,NA,NA,NA,NA,NA,NA,25/09/24,naive,
438,E. tenax,M,4,yellow,15.11,0.52,Y,NA,NA,NA,NA,NA,NA,NA,NA,25/09/24,naive,
439,E. tenax,M,5,NA,NA,NA,NA,NA,NA,NA,NA,NA,NA,NA,NA,25/09/24,naive,
440,E. tenax,F,6,yellow,10.31,0.39,N,pink,11.15,3.38,Y,white,18.33,0.42,Y,25/09/24,naive,
441,E. tenax,F,7,yellow,0.14,0.5,Y,NA,NA,NA,NA,NA,NA,NA,NA,25/09/24,naive,
442,E. tenax,F,8,NA,NA,NA,NA,NA,NA,NA,NA,NA,NA,NA,NA,25/09/24,naive,
443,E. tenax,F,9,yellow,2.14,3.08,Y,NA,NA,NA,NA,NA,NA,NA,NA,25/09/24,naive,
444,E. tenax,F,1,blue,0.21,1.07,Y,blue,1.34,1.01,Y,pink,2.4,0.27,Y,25/09/24,naive,
445,E. tenax,M,2,yellow,3.48,2.16,Y,NA,NA,NA,NA,NA,NA,NA,NA,25/09/24,naive,
446,E. tenax,F,3,yellow,14.59,2.16,Y,NA,NA,NA,NA,NA,NA,NA,NA,25/09/24,naive,
447,E. tenax,F,4,NA,NA,NA,NA,NA,NA,NA,NA,NA,NA,NA,NA,25/09/24,naive,
448,E. tenax,F,5,yellow,0.1,5.25,Y,pink,5.4,3.37,Y,yellow,9.19,0.5,Y,25/09/24,naive,
449,E. tenax,M,6,NA,NA,NA,NA,NA,NA,NA,NA,NA,NA,NA,NA,25/09/24,naive,
450,E. tenax,F,7,yellow,8.3,0.2,Y,NA,NA,NA,NA,NA,NA,NA,NA,25/09/24,naive,
451,E. tenax,F,8,yellow,2.42,1.11,Y,white,3.58,0.25,Y,yellow,4.4,0.26,Y,25/09/24,naive,
452,E. tenax,M,9,yellow,8.1,5.11,Y,NA,NA,NA,NA,NA,NA,NA,NA,25/09/24,naive,
453,E. tenax,M,1,yellow,6.33,6.47,Y,NA,NA,NA,NA,NA,NA,NA,NA,25/09/24,naive,
454,E. tenax,F,2,NA,NA,NA,NA,NA,NA,NA,NA,NA,NA,NA,NA,25/09/24,naive,
455,E. tenax,M,3,NA,NA,NA,NA,NA,NA,NA,NA,NA,NA,NA,NA,25/09/24,naive,
456,E. tenax,F,4,NA,NA,NA,NA,NA,NA,NA,NA,NA,NA,NA,NA,25/09/24,naive,
457,E. tenax,M,5,NA,NA,NA,NA,NA,NA,NA,NA,NA,NA,NA,NA,25/09/24,naive,
458,E. tenax,M,6,white,0.51,7.02,Y,NA,NA,NA,NA,NA,NA,NA,NA,25/09/24,naive,
459,E. tenax,M,7,NA,NA,NA,NA,NA,NA,NA,NA,NA,NA,NA,NA,25/09/24,naive,
460,E. tenax,F,8,NA,NA,NA,NA,NA,NA,NA,NA,NA,NA,NA,NA,25/09/24,naive,
461,E. tenax,F,9,yellow,4,15.59,Y,NA,NA,NA,NA,NA,NA,NA,NA,25/09/24,naive,
462,E. tenax,M,1,NA,NA,NA,NA,NA,NA,NA,NA,NA,NA,NA,NA,25/09/24,naive,
463,E. tenax,M,2,NA,NA,NA,NA,NA,NA,NA,NA,NA,NA,NA,NA,25/09/24,naive,
464,E. tenax,F,3,blue,14.57,1.1,Y,NA,NA,NA,NA,NA,NA,NA,NA,25/09/24,naive,
465,E. tenax,F,4,yellow,15.53,3.59,Y,NA,NA,NA,NA,NA,NA,NA,NA,25/09/24,naive,
466,E. tenax,F,5,blue,2.51,1.15,Y,NA,NA,NA,NA,NA,NA,NA,NA,25/09/24,naive,
467,E. tenax,F,6,NA,NA,NA,NA,NA,NA,NA,NA,NA,NA,NA,NA,25/09/24,naive,
468,E. tenax,F,7,yellow,0.14,0.42,Y,NA,NA,NA,NA,NA,NA,NA,NA,25/09/24,naive,
469,E. tenax,F,8,yellow,0.26,0.35,Y,NA,NA,NA,NA,NA,NA,NA,NA,25/09/24,naive,
470,E. tenax,M,9,yellow,9.3,1.07,Y,yellow,12.38,0.41,Y,NA,NA,NA,NA,25/09/24,naive,
471,E. tenax,F,1,yellow,10.23,4.38,Y,NA,NA,NA,NA,NA,NA,NA,NA,25/09/24,naive,
472,E. tenax,F,2,NA,NA,NA,NA,NA,NA,NA,NA,NA,NA,NA,NA,25/09/24,naive,
473,E. tenax,M,3,NA,NA,NA,NA,NA,NA,NA,NA,NA,NA,NA,NA,25/09/24,naive,
474,E. tenax,F,4,NA,NA,NA,NA,NA,NA,NA,NA,NA,NA,NA,NA,25/09/24,naive,
475,E. tenax,F,5,NA,NA,NA,NA,NA,NA,NA,NA,NA,NA,NA,NA,25/09/24,naive,
476,E. tenax,M,6,NA,NA,NA,NA,NA,NA,NA,NA,NA,NA,NA,NA,25/09/24,naive,
477,E. tenax,F,7,yellow,19.24,0.24,N,NA,NA,NA,NA,NA,NA,NA,NA,25/09/24,naive,
478,E. tenax,F,8,yellow,14.49,0.51,Y,NA,NA,NA,NA,NA,NA,NA,NA,25/09/24,naive,
479,E. tenax,F,9,yellow,13.23,1.13,Y,NA,NA,NA,NA,NA,NA,NA,NA,25/09/24,naive,
480,E. tenax,M,1,white,0.19,1.37,Y,NA,NA,NA,NA,NA,NA,NA,NA,25/09/24,naive,
481,E. tenax,F,2,yellow,0.2,0.12,Y,NA,NA,NA,NA,NA,NA,NA,NA,25/09/24,naive,
482,E. tenax,M,3,yellow,18.59,,Y,NA,NA,NA,NA,NA,NA,NA,NA,25/09/24,naive,
483,E. tenax,M,4,yellow,5.3,0.18,Y,NA,NA,NA,NA,NA,NA,NA,NA,25/09/24,naive,
484,E. tenax,M,5,pink,2.4,1.16,Y,NA,NA,NA,NA,NA,NA,NA,NA,25/09/24,naive,
485,E. tenax,M,6,NA,NA,NA,NA,NA,NA,NA,NA,NA,NA,NA,NA,25/09/24,naive,
486,E. tenax,M,7,NA,NA,NA,NA,NA,NA,NA,NA,NA,NA,NA,NA,25/09/24,naive,
487,E. tenax,F,8,NA,NA,NA,NA,NA,NA,NA,NA,NA,NA,NA,NA,25/09/24,naive,
488,E. tenax,F,9,NA,NA,NA,NA,NA,NA,NA,NA,NA,NA,NA,NA,25/09/24,naive,
489,E. tenax,F,1,yellow,12.48,1.23,Y,NA,NA,NA,NA,NA,NA,NA,NA,25/09/24,naive,
490,E. tenax,M,2,NA,NA,NA,NA,NA,NA,NA,NA,NA,NA,NA,NA,25/09/24,naive,
491,E. tenax,M,3,yellow,7.27,1.37,Y,NA,NA,NA,NA,NA,NA,NA,NA,25/09/24,naive,
492,E. tenax,M,4,blue,5.5,0.24,Y,yellow,8.54,0.14,Y,NA,NA,NA,NA,25/09/24,naive,
493,E. tenax,F,5,yellow,0.18,0.43,Y,NA,NA,NA,NA,NA,NA,NA,NA,25/09/24,naive,
494,E. tenax,M,6,yellow,7.27,0.37,Y,NA,NA,NA,NA,NA,NA,NA,NA,25/09/24,naive,
495,E. tenax,F,7,yellow,8.18,0.57,Y,yellow,9.56,0.08,Y,NA,NA,NA,NA,25/09/24,naive,
496,E. tenax,F,8,NA,NA,NA,NA,NA,NA,NA,NA,NA,NA,NA,NA,25/09/24,naive,
497,E. tenax,F,9,NA,NA,NA,NA,NA,NA,NA,NA,NA,NA,NA,NA,25/09/24,naive,
498,E. tenax,F,1,yellow,0.17,1.3,Y,NA,NA,NA,NA,NA,NA,NA,NA,25/09/24,naive,
499,E. tenax,M,2,yellow,4.4,7.29,Y,white,12.16,0.1,N,yellow,12.26,0.06,N,25/09/24,naive,
500,E. tenax,F,3,yellow,2.57,0.56,Y,white,4,0.11,N,yellow,4.19,0.38,Y,25/09/24,naive,
501,E. tenax,F,4,white,0.25,13.38,Y,NA,NA,NA,NA,NA,NA,NA,NA,25/09/24,naive,
502,E. tenax,F,5,yellow,1.13,1.56,Y,NA,NA,NA,NA,NA,NA,NA,NA,25/09/24,naive,
503,E. tenax,M,6,blue,12.48,0.41,Y,NA,NA,NA,NA,NA,NA,NA,NA,25/09/24,naive,
504,E. tenax,M,7,NA,NA,NA,NA,NA,NA,NA,NA,NA,NA,NA,NA,25/09/24,naive,
505,E. tenax,M,8,NA,NA,NA,NA,NA,NA,NA,NA,NA,NA,NA,NA,25/09/24,naive,
506,E. tenax,M,9,pink,14.47,1.05,N,pink,16.35,0.16,N,NA,NA,NA,NA,25/09/24,naive,
507,E. tenax,M,1,white,0.14,3.13,Y,NA,NA,NA,NA,NA,NA,NA,NA,25/09/24,naive,
508,E. tenax,F,2,NA,NA,NA,NA,NA,NA,NA,NA,NA,NA,NA,NA,25/09/24,naive,
509,E. tenax,F,3,NA,NA,NA,NA,NA,NA,NA,NA,NA,NA,NA,NA,25/09/24,naive,
510,E. tenax,F,4,white,7.47,1.54,Y,NA,NA,NA,NA,NA,NA,NA,NA,25/09/24,naive,
511,E. tenax,F,5,NA,NA,NA,NA,NA,NA,NA,NA,NA,NA,NA,NA,25/09/24,naive,
512,E. tenax,F,6,white,0.5,5.28,Y,NA,NA,NA,NA,NA,NA,NA,NA,25/09/24,naive,
513,E. tenax,M,7,yellow,0.35,1.04,Y,NA,NA,NA,NA,NA,NA,NA,NA,25/09/24,naive,
514,E. tenax,F,8,NA,NA,NA,NA,NA,NA,NA,NA,NA,NA,NA,NA,25/09/24,naive,
515,E. tenax,M,9,yellow,15.18,1.03,N,NA,NA,NA,NA,NA,NA,NA,NA,25/09/24,naive,
516,E. tenax,M,1,NA,NA,NA,NA,NA,NA,NA,NA,NA,NA,NA,NA,26/09/24,naive,
517,E. tenax,M,2,yellow,0.18,1.55,Y,NA,NA,NA,NA,NA,NA,NA,NA,26/09/25,naive,
518,E. tenax,M,3,NA,NA,NA,NA,NA,NA,NA,NA,NA,NA,NA,NA,26/09/26,naive,
519,E. tenax,M,4,yellow,10.1,2.02,N,NA,NA,NA,NA,NA,NA,NA,NA,26/09/27,naive,
520,E. tenax,M,5,NA,NA,NA,NA,NA,NA,NA,NA,NA,NA,NA,NA,26/09/28,naive,
521,E. tenax,M,6,NA,NA,NA,NA,NA,NA,NA,NA,NA,NA,NA,NA,26/09/29,naive,
522,E. tenax,M,7,NA,NA,NA,NA,NA,NA,NA,NA,NA,NA,NA,NA,26/09/30,naive,
523,E. tenax,F,8,white,10.55,3.02,Y,NA,NA,NA,NA,NA,NA,NA,NA,26/09/31,naive,
524,E. tenax,F,9,NA,NA,NA,NA,NA,NA,NA,NA,NA,NA,NA,NA,26/09/32,naive,
525,E. tenax,F,1,pink,0.21,19.06,N,NA,NA,NA,NA,NA,NA,NA,NA,26/09/33,naive,
526,E. tenax,F,2,NA,NA,NA,NA,NA,NA,NA,NA,NA,NA,NA,NA,26/09/34,naive,
527,E. tenax,F,3,NA,NA,NA,NA,NA,NA,NA,NA,NA,NA,NA,NA,26/09/35,naive,
528,E. tenax,M,4,NA,NA,NA,NA,NA,NA,NA,NA,NA,NA,NA,NA,26/09/36,naive,
529,E. tenax,F,5,yellow,18.24,0.49,Y,NA,NA,NA,NA,NA,NA,NA,NA,26/09/37,naive,
530,E. tenax,F,6,white,5.16,0.56,Y,pink,6.19,0.45,N,white,7.1,0.38,Y,26/09/38,naive,
531,E. tenax,F,7,white,2.44,2.06,Y,NA,NA,NA,NA,NA,NA,NA,NA,26/09/39,naive,
532,E. tenax,F,8,white,0.16,2.21,N,white,4.56,0.03,Y,NA,NA,NA,NA,26/09/40,naive,
533,E. tenax,F,9,yellow,9.39,7.5,Y,NA,NA,NA,NA,NA,NA,NA,NA,26/09/41,naive,
534,E. tenax,F,1,NA,NA,NA,NA,NA,NA,NA,NA,NA,NA,NA,NA,26/09/42,naive,
535,E. tenax,F,2,NA,NA,NA,NA,NA,NA,NA,NA,NA,NA,NA,NA,26/09/43,naive,
536,E. tenax,M,3,white,9.27,0.32,N,NA,NA,NA,NA,NA,NA,NA,NA,26/09/44,naive,
537,E. tenax,M,4,yellow,3.08,5.59,Y,NA,NA,NA,NA,NA,NA,NA,NA,26/09/45,naive,
538,E. tenax,M,5,NA,NA,NA,NA,NA,NA,NA,NA,NA,NA,NA,NA,26/09/46,naive,
539,E. tenax,F,6,NA,NA,NA,NA,NA,NA,NA,NA,NA,NA,NA,NA,26/09/47,naive,
540,E. tenax,F,7,blue,8.27,1.19,N,NA,NA,NA,NA,NA,NA,NA,NA,26/09/48,naive,
541,E. tenax,F,8,NA,NA,NA,NA,NA,NA,NA,NA,NA,NA,NA,NA,26/09/49,naive,
542,E. tenax,M,9,yellow,1.41,0.25,Y,NA,NA,NA,NA,NA,NA,NA,NA,26/09/50,naive,
543,E. tenax,M,1,yellow,0.02,0.41,Y,NA,NA,NA,NA,NA,NA,NA,NA,26/09/51,naive,
544,E. tenax,M,2,yellow,5.09,0.12,Y,NA,NA,NA,NA,NA,NA,NA,NA,26/09/52,naive,
545,E. tenax,M,3,yellow,6.15,1.54,N,NA,NA,NA,NA,NA,NA,NA,NA,26/09/53,naive,
546,E. tenax,F,4,yellow,16.4,0.13,N,yellow,17.26,2.11,Y,NA,NA,NA,NA,26/09/54,naive,
547,E. tenax,F,5,white,11.05,5.01,Y,NA,NA,NA,NA,NA,NA,NA,NA,26/09/55,naive,
548,E. tenax,M,6,yellow,8.47,1.01,Y,NA,NA,NA,NA,NA,NA,NA,NA,26/09/56,naive,
549,E. tenax,F,7,NA,NA,NA,NA,NA,NA,NA,NA,NA,NA,NA,NA,26/09/57,naive,
550,E. tenax,F,8,NA,NA,NA,NA,NA,NA,NA,NA,NA,NA,NA,NA,26/09/58,naive,
551,E. tenax,F,9,NA,NA,NA,NA,NA,NA,NA,NA,NA,NA,NA,NA,26/09/59,naive,